{
  "message": "Category List Success!!",
  "invoiceCategoryList": [
    {
      "invoiceCategoryId": 1,
      "invoiceCategoryName": "Individual"
    },
    {
      "invoiceCategoryId": 2,
      "invoiceCategoryName": "Company"
    },
    {
      "invoiceCategoryId": 3,
      "invoiceCategoryName": "proprietary"
    }
  ],
  "PaymentModeList": [
    {
      "paymentModeId": 1,
      "paymentType": "Cash"
    },
    {
      "paymentModeId": 1,
      "paymentType": "Cheque"
    },
    {
      "paymentModeId": 1,
      "paymentType": "Bank Transfer"
    },
    {
      "paymentModeId": 1,
      "paymentType": "Online"
    }
  ],
  "rateOfContractList": [
    {
      "ratOfContractId": 1,
      "rateOfContractName": "Hours and Km"
    },
    {
      "ratOfContractId": 2,
      "rateOfContractName": "Minimum Km"
    },
    {
      "ratOfContractId": 3,
      "rateOfContractName": "Source And Destination"
    }
  ]
}