{
  "prebookigList": [
    {
      "preBookingid": 1,
      "requestDeviceType": "mobile",
      "InvoiceType": "Autometic",
      "customerDetails": {
        "customerName": "abs",
        "customerMobile": "8899889988",
        "email’": "abs@r.com"
      },
      "carType": {
        "carId": 1,
        "carName": "Swift"
      },
      "pickUpDateTime": "2017/06/14 16:05:00",
      "pickUpLocation": "Ahmedabad",
      "dropLocation": "Rajkot",
      "city": "Ahmedabad",
      "dropDateTime": "2017/06/15 16:05:00",
      "paymentMode": {
        "id": 1,
        "type": "Cash"
      }
    },
    {
      "preBookingId": 2,
      "requestDeviceType": "mobile",
      "InvoiceType": "Autometic",
      "customerDetails": {
        "customerName": "abs",
        "customerMobile": "8899889988",
        "email’": "abs@r.com"
      },
      "carType": {
        "carId": 1,
        "carName": "Swift"
      },
      "pickUpDateTime": "2017/06/14 16:05:00",
      "pickUpLocation": "Ahmedabad",
      "dropLocation": "Rajkot",
      "city": "Ahmedabad",
      "dropDateTime": "2017/06/15 16:05:00",
      "paymentMode": {
        "id": 1,
        "type": "Cash"
      }
    }
  ]
}